Workbook

Sheet All
A1: Invoice Verification & Discrepancy Analysis
A3: Purpose: match vendor invoices against purchase orders and flag quantity, price, total, duplicate and missing-field exceptions.
A4: Data: SAMPLE / dummy records created for this self-directed project. Not real company data.
A6: Sheets:
A7: PO_Data purchase orders (blue = input). PO_Amount is a formula.
A8: Invoice_Data invoices as received (blue = input). Paste new invoices below the last row and extend Verification formulas down.
A9: Verification one row per invoice, all checks are formulas (INDEX/MATCH lookup, COUNTIFS duplicates, IF flags).
A10: Summary exception counts, rates and amounts (all formulas).
A12: Checks performed: (1) PO exists, (2) Qty vs PO, (3) Unit price vs PO, (4) Billed = Qty x Price, (5) Duplicate invoice, (6) Any blank field.
A13: Review_Status column (Verification!R) is a dropdown: Open / Under Review / Resolved. Edit it as you work through exceptions.
A15: Note: INDEX/MATCH is used instead of XLOOKUP so the file works in every Excel version. XLOOKUP is a drop-in alternative.
A16: Assumption: amount tolerance is Rs 0.01 (rounding only). Currency: INR.

Sheet PO_Data
A1: PO_No | B1: Vendor | C1: Item | D1: PO_Qty | E1: PO_Unit_Price | F1: PO_Amount
A2: PO-5001 | B2: Sharma Office Supplies | C2: A4 Paper Ream | D2: 12 | E2: 285 | F2: =D2*E2 -> 3420
A3: PO-5002 | B3: TechNova Traders | C3: Toner Cartridge | D3: 10 | E3: 3450 | F3: =D3*E3 -> 34500
A4: PO-5003 | B4: Delhi Stationers | C4: USB-C Cable | D4: 20 | E4: 420 | F4: =D4*E4 -> 8400
A5: PO-5004 | B5: Metro IT Solutions | C5: Office Chair | D5: 40 | E5: 6800 | F5: =D5*E5 -> 272000
A6: PO-5005 | B6: Apex Furnishings | C6: Network Switch 8-Port | D6: 5 | E6: 2950 | F6: =D6*E6 -> 14750
A7: PO-5006 | B7: Sharma Office Supplies | C7: Monitor 24 inch | D7: 5 | E7: 9800 | F7: =D7*E7 -> 49000
A8: PO-5007 | B8: TechNova Traders | C8: Whiteboard Marker Box | D8: 25 | E8: 360 | F8: =D8*E8 -> 9000
A9: PO-5008 | B9: Delhi Stationers | C9: Laptop Stand | D9: 5 | E9: 1250 | F9: =D9*E9 -> 6250
A10: PO-5009 | B10: Metro IT Solutions | C10: Wireless Mouse | D10: 12 | E10: 780 | F10: =D10*E10 -> 9360
A11: PO-5010 | B11: Apex Furnishings | C11: Keyboard | D11: 25 | E11: 1150 | F11: =D11*E11 -> 28750
A12: PO-5011 | B12: Sharma Office Supplies | C12: A4 Paper Ream | D12: 5 | E12: 285 | F12: =D12*E12 -> 1425
A13: PO-5012 | B13: TechNova Traders | C13: Toner Cartridge | D13: 25 | E13: 3450 | F13: =D13*E13 -> 86250
... A26: PO-5025 | B26: Apex Furnishings | C26: Network Switch 8-Port | D26: 5 | E26: 2950 | F26: =D26*E26 -> 14750

Sheet Invoice_Data
A1: Invoice_No | B1: Invoice_Date | C1: Vendor | D1: PO_No | E1: Item | F1: Inv_Qty | G1: Inv_Unit_Price | H1: Billed_Amount
A2: INV-1001 | B2: 2026-07-22 | C2: Sharma Office Supplies | D2: PO-5001 | E2: A4 Paper Ream | F2: 12 | G2: 285 | H2: 3420
A3: INV-1002 | B3: 2026-07-23 | C3: TechNova Traders | D3: PO-5002 | E3: Toner Cartridge | F3: 10 | G3: 3450 | H3: 34500
A4: INV-1003 | B4: 2026-07-24 | C4: Delhi Stationers | D4: PO-5003 | E4: USB-C Cable | F4: 20 | G4: 420 | H4: 8400
A5: INV-1004 | B5: 2026-07-25 | C5: Metro IT Solutions | D5: PO-5004 | E5: Office Chair | F5: 40 | G5: 6800 | H5: 272000
A6: INV-1005 | B6: 2026-07-26 | C6: Apex Furnishings | D6: PO-5005 | E6: Network Switch 8-Port | F6: 5 | G6: 2950 | H6: 14750
A7: INV-1006 | B7: 2026-07-27 | C7: Sharma Office Supplies | D7: PO-5006 | E7: Monitor 24 inch | F7: 5 | G7: 9800 | H7: 49000
A8: INV-1007 | B8: 2026-07-28 | C8: TechNova Traders | D8: PO-5007 | E8: Whiteboard Marker Box | F8: 25 | G8: 360 | H8: 9000
A9: INV-1008 | B9: 2026-07-01 | C9: Delhi Stationers | D9: PO-5008 | E9: Laptop Stand | F9: 5 | G9: 1250 | H9: 6250
A10: INV-1009 | B10: 2026-07-02 | C10: Metro IT Solutions | D10: PO-5009 | E10: Wireless Mouse | F10: 12 | G10: 780 | H10: 9360
A11: INV-1010 | B11: 2026-07-03 | C11: Apex Furnishings | D11: PO-5010 | E11: Keyboard | F11: 25 | G11: 1150 | H11: 28750
A12: INV-1011 | B12: 2026-07-04 | C12: Sharma Office Supplies | D12: PO-5011 | E12: A4 Paper Ream | F12: 5 | G12: 285 | H12: 1425
A13: INV-1012 | B13: 2026-07-05 | C13: TechNova Traders | D13: PO-5012 | E13: Toner Cartridge | F13: 25 | G13: 3450 | H13: 86250
... A22: INV-1005 | B22: 2026-07-26 | C22: Apex Furnishings | D22: PO-5005 | E22: Network Switch 8-Port | F22: 5 | G22: 2950 | H22: 14750
A23: INV-1022 | B23: 2026-07-15 | C23: Sharma Office Supplies | E23: A4 Paper Ream | F23: 25 | G23: 285 | H23: 7125
A24: INV-1023 | B24: 2026-07-16 | D24: PO-5021 | E24: A4 Paper Ream | F24: 25 | G24: 285 | H24: 7125
A25: INV-1024 | B25: 2026-07-17 | C25: TechNova Traders | D25: PO-9999 | E25: Toner Cartridge | F25: 20 | G25: 3450 | H25: 69000

Sheet Verification
A1: Invoice_No | B1: PO_No | C1: Vendor | D1: Inv_Qty | E1: PO_Qty | F1: Inv_Price | G1: PO_Price | H1: Billed | I1: Expected (PO Qty x PO Price) | J1: Variance | K1: Missing_Field | L1: Duplicate | M1: Qty_Mismatch | N1: Price_Mismatch | O1: Total_Error | P1: Status | Q1: Exception_Type | R1: Review_Status | S1: Remarks
A2: =Invoice_Data!A2 -> INV-1001 | B2: =IF(Invoice_Data!D2="","",Invoice_Data!D2) -> PO-5001 | C2: =IF(Invoice_Data!C2="","",Invoice_Data!C2) -> Sharma Office Supplies | D2: =Invoice_Data!F2 -> 12 | E2: =IFERROR(INDEX(PO_Data!$D$2:$D$26,MATCH(B2,PO_Data!$A$2:$A$26,0)),"") -> 12 | F2: =Invoice_Data!G2 -> 285 | G2: =IFERROR(INDEX(PO_Data!$E$2:$E$26,MATCH(B2,PO_Data!$A$2:$A$26,0)),"") -> 285 | H2: =Invoice_Data!H2 -> 3420 | I2: =IF(E2="","",E2*G2) -> 3420 | J2: =IF(I2="","",ROUND(H2-I2,2)) -> 0 | K2: =IF(COUNTBLANK(Invoice_Data!A2:H2)>0,"Yes","No") -> No | L2: =IF(COUNTIFS(Invoice_Data!$A$2:$A$25,Invoice_Data!A2,Invoice_Data!$D$2:$D$25,Invoice_Data!D2,Invoice_Data!$H$2:$H$25,Invoice_Data!H2)>1,"Yes","No") -> No | M2: =IF(E2="","N/A",IF(D2<>E2,"Yes","No")) -> No | N2: =IF(G2="","N/A",IF(ROUND(F2-G2,2)<>0,"Yes","No")) -> No | O2: =IF(ROUND(H2-D2*F2,2)<>0,"Yes","No") -> No | P2: =IF(B2="","Missing PO",IF(E2="","PO Not Found",IF(OR(K2="Yes",L2="Yes",M2="Yes",N2="Yes",O2="Yes"),"Exception","Clean"))) -> Clean | Q2: =IF(P2="Clean","",IF(K2="Yes","Missing field; ","")&IF(L2="Yes","Duplicate; ","")&IF(M2="Yes","Qty mismatch; ","")&IF(N2="Yes","Price mismatch; ","")&IF(O2="Yes","Total error; ","")&IF(P2="PO Not Found","PO not in PO_Data; ","")) | R2: =IF(P2="Clean","N/A","Open") -> N/A
A3: =Invoice_Data!A3 -> INV-1002 | B3: =IF(Invoice_Data!D3="","",Invoice_Data!D3) -> PO-5002 | C3: =IF(Invoice_Data!C3="","",Invoice_Data!C3) -> TechNova Traders | D3: =Invoice_Data!F3 -> 10 | E3: =IFERROR(INDEX(PO_Data!$D$2:$D$26,MATCH(B3,PO_Data!$A$2:$A$26,0)),"") -> 10 | F3: =Invoice_Data!G3 -> 3450 | G3: =IFERROR(INDEX(PO_Data!$E$2:$E$26,MATCH(B3,PO_Data!$A$2:$A$26,0)),"") -> 3450 | H3: =Invoice_Data!H3 -> 34500 | I3: =IF(E3="","",E3*G3) -> 34500 | J3: =IF(I3="","",ROUND(H3-I3,2)) -> 0 | K3: =IF(COUNTBLANK(Invoice_Data!A3:H3)>0,"Yes","No") -> No | L3: =IF(COUNTIFS(Invoice_Data!$A$2:$A$25,Invoice_Data!A3,Invoice_Data!$D$2:$D$25,Invoice_Data!D3,Invoice_Data!$H$2:$H$25,Invoice_Data!H3)>1,"Yes","No") -> No | M3: =IF(E3="","N/A",IF(D3<>E3,"Yes","No")) -> No | N3: =IF(G3="","N/A",IF(ROUND(F3-G3,2)<>0,"Yes","No")) -> No | O3: =IF(ROUND(H3-D3*F3,2)<>0,"Yes","No") -> No | P3: =IF(B3="","Missing PO",IF(E3="","PO Not Found",IF(OR(K3="Yes",L3="Yes",M3="Yes",N3="Yes",O3="Yes"),"Exception","Clean"))) -> Clean | Q3: =IF(P3="Clean","",IF(K3="Yes","Missing field; ","")&IF(L3="Yes","Duplicate; ","")&IF(M3="Yes","Qty mismatch; ","")&IF(N3="Yes","Price mismatch; ","")&IF(O3="Yes","Total error; ","")&IF(P3="PO Not Found","PO not in PO_Data; ","")) | R3: =IF(P3="Clean","N/A","Open") -> N/A
A4: =Invoice_Data!A4 -> INV-1003 | B4: =IF(Invoice_Data!D4="","",Invoice_Data!D4) -> PO-5003 | C4: =IF(Invoice_Data!C4="","",Invoice_Data!C4) -> Delhi Stationers | D4: =Invoice_Data!F4 -> 20 | E4: =IFERROR(INDEX(PO_Data!$D$2:$D$26,MATCH(B4,PO_Data!$A$2:$A$26,0)),"") -> 20 | F4: =Invoice_Data!G4 -> 420 | G4: =IFERROR(INDEX(PO_Data!$E$2:$E$26,MATCH(B4,PO_Data!$A$2:$A$26,0)),"") -> 420 | H4: =Invoice_Data!H4 -> 8400 | I4: =IF(E4="","",E4*G4) -> 8400 | J4: =IF(I4="","",ROUND(H4-I4,2)) -> 0 | K4: =IF(COUNTBLANK(Invoice_Data!A4:H4)>0,"Yes","No") -> No | L4: =IF(COUNTIFS(Invoice_Data!$A$2:$A$25,Invoice_Data!A4,Invoice_Data!$D$2:$D$25,Invoice_Data!D4,Invoice_Data!$H$2:$H$25,Invoice_Data!H4)>1,"Yes","No") -> No | M4: =IF(E4="","N/A",IF(D4<>E4,"Yes","No")) -> No | N4: =IF(G4="","N/A",IF(ROUND(F4-G4,2)<>0,"Yes","No")) -> No | O4: =IF(ROUND(H4-D4*F4,2)<>0,"Yes","No") -> No | P4: =IF(B4="","Missing PO",IF(E4="","PO Not Found",IF(OR(K4="Yes",L4="Yes",M4="Yes",N4="Yes",O4="Yes"),"Exception","Clean"))) -> Clean | Q4: =IF(P4="Clean","",IF(K4="Yes","Missing field; ","")&IF(L4="Yes","Duplicate; ","")&IF(M4="Yes","Qty mismatch; ","")&IF(N4="Yes","Price mismatch; ","")&IF(O4="Yes","Total error; ","")&IF(P4="PO Not Found","PO not in PO_Data; ","")) | R4: =IF(P4="Clean","N/A","Open") -> N/A
A5: =Invoice_Data!A5 -> INV-1004 | B5: =IF(Invoice_Data!D5="","",Invoice_Data!D5) -> PO-5004 | C5: =IF(Invoice_Data!C5="","",Invoice_Data!C5) -> Metro IT Solutions | D5: =Invoice_Data!F5 -> 40 | E5: =IFERROR(INDEX(PO_Data!$D$2:$D$26,MATCH(B5,PO_Data!$A$2:$A$26,0)),"") -> 40 | F5: =Invoice_Data!G5 -> 6800 | G5: =IFERROR(INDEX(PO_Data!$E$2:$E$26,MATCH(B5,PO_Data!$A$2:$A$26,0)),"") -> 6800 | H5: =Invoice_Data!H5 -> 272000 | I5: =IF(E5="","",E5*G5) -> 272000 | J5: =IF(I5="","",ROUND(H5-I5,2)) -> 0 | K5: =IF(COUNTBLANK(Invoice_Data!A5:H5)>0,"Yes","No") -> No | L5: =IF(COUNTIFS(Invoice_Data!$A$2:$A$25,Invoice_Data!A5,Invoice_Data!$D$2:$D$25,Invoice_Data!D5,Invoice_Data!$H$2:$H$25,Invoice_Data!H5)>1,"Yes","No") -> No | M5: =IF(E5="","N/A",IF(D5<>E5,"Yes","No")) -> No | N5: =IF(G5="","N/A",IF(ROUND(F5-G5,2)<>0,"Yes","No")) -> No | O5: =IF(ROUND(H5-D5*F5,2)<>0,"Yes","No") -> No | P5: =IF(B5="","Missing PO",IF(E5="","PO Not Found",IF(OR(K5="Yes",L5="Yes",M5="Yes",N5="Yes",O5="Yes"),"Exception","Clean"))) -> Clean | Q5: =IF(P5="Clean","",IF(K5="Yes","Missing field; ","")&IF(L5="Yes","Duplicate; ","")&IF(M5="Yes","Qty mismatch; ","")&IF(N5="Yes","Price mismatch; ","")&IF(O5="Yes","Total error; ","")&IF(P5="PO Not Found","PO not in PO_Data; ","")) | R5: =IF(P5="Clean","N/A","Open") -> N/A
A6: =Invoice_Data!A6 -> INV-1005 | B6: =IF(Invoice_Data!D6="","",Invoice_Data!D6) -> PO-5005 | C6: =IF(Invoice_Data!C6="","",Invoice_Data!C6) -> Apex Furnishings | D6: =Invoice_Data!F6 -> 5 | E6: =IFERROR(INDEX(PO_Data!$D$2:$D$26,MATCH(B6,PO_Data!$A$2:$A$26,0)),"") -> 5 | F6: =Invoice_Data!G6 -> 2950 | G6: =IFERROR(INDEX(PO_Data!$E$2:$E$26,MATCH(B6,PO_Data!$A$2:$A$26,0)),"") -> 2950 | H6: =Invoice_Data!H6 -> 14750 | I6: =IF(E6="","",E6*G6) -> 14750 | J6: =IF(I6="","",ROUND(H6-I6,2)) -> 0 | K6: =IF(COUNTBLANK(Invoice_Data!A6:H6)>0,"Yes","No") -> No | L6: =IF(COUNTIFS(Invoice_Data!$A$2:$A$25,Invoice_Data!A6,Invoice_Data!$D$2:$D$25,Invoice_Data!D6,Invoice_Data!$H$2:$H$25,Invoice_Data!H6)>1,"Yes","No") -> Yes | M6: =IF(E6="","N/A",IF(D6<>E6,"Yes","No")) -> No | N6: =IF(G6="","N/A",IF(ROUND(F6-G6,2)<>0,"Yes","No")) -> No | O6: =IF(ROUND(H6-D6*F6,2)<>0,"Yes","No") -> No | P6: =IF(B6="","Missing PO",IF(E6="","PO Not Found",IF(OR(K6="Yes",L6="Yes",M6="Yes",N6="Yes",O6="Yes"),"Exception","Clean"))) -> Exception | Q6: =IF(P6="Clean","",IF(K6="Yes","Missing field; ","")&IF(L6="Yes","Duplicate; ","")&IF(M6="Yes","Qty mismatch; ","")&IF(N6="Yes","Price mismatch; ","")&IF(O6="Yes","Total error; ","")&IF(P6="PO Not Found","PO not in PO_Data; ","")) -> Duplicate; | R6: =IF(P6="Clean","N/A","Open") -> Open
A7: =Invoice_Data!A7 -> INV-1006 | B7: =IF(Invoice_Data!D7="","",Invoice_Data!D7) -> PO-5006 | C7: =IF(Invoice_Data!C7="","",Invoice_Data!C7) -> Sharma Office Supplies | D7: =Invoice_Data!F7 -> 5 | E7: =IFERROR(INDEX(PO_Data!$D$2:$D$26,MATCH(B7,PO_Data!$A$2:$A$26,0)),"") -> 5 | F7: =Invoice_Data!G7 -> 9800 | G7: =IFERROR(INDEX(PO_Data!$E$2:$E$26,MATCH(B7,PO_Data!$A$2:$A$26,0)),"") -> 9800 | H7: =Invoice_Data!H7 -> 49000 | I7: =IF(E7="","",E7*G7) -> 49000 | J7: =IF(I7="","",ROUND(H7-I7,2)) -> 0 | K7: =IF(COUNTBLANK(Invoice_Data!A7:H7)>0,"Yes","No") -> No | L7: =IF(COUNTIFS(Invoice_Data!$A$2:$A$25,Invoice_Data!A7,Invoice_Data!$D$2:$D$25,Invoice_Data!D7,Invoice_Data!$H$2:$H$25,Invoice_Data!H7)>1,"Yes","No") -> No | M7: =IF(E7="","N/A",IF(D7<>E7,"Yes","No")) -> No | N7: =IF(G7="","N/A",IF(ROUND(F7-G7,2)<>0,"Yes","No")) -> No | O7: =IF(ROUND(H7-D7*F7,2)<>0,"Yes","No") -> No | P7: =IF(B7="","Missing PO",IF(E7="","PO Not Found",IF(OR(K7="Yes",L7="Yes",M7="Yes",N7="Yes",O7="Yes"),"Exception","Clean"))) -> Clean | Q7: =IF(P7="Clean","",IF(K7="Yes","Missing field; ","")&IF(L7="Yes","Duplicate; ","")&IF(M7="Yes","Qty mismatch; ","")&IF(N7="Yes","Price mismatch; ","")&IF(O7="Yes","Total error; ","")&IF(P7="PO Not Found","PO not in PO_Data; ","")) | R7: =IF(P7="Clean","N/A","Open") -> N/A
A8: =Invoice_Data!A8 -> INV-1007 | B8: =IF(Invoice_Data!D8="","",Invoice_Data!D8) -> PO-5007 | C8: =IF(Invoice_Data!C8="","",Invoice_Data!C8) -> TechNova Traders | D8: =Invoice_Data!F8 -> 25 | E8: =IFERROR(INDEX(PO_Data!$D$2:$D$26,MATCH(B8,PO_Data!$A$2:$A$26,0)),"") -> 25 | F8: =Invoice_Data!G8 -> 360 | G8: =IFERROR(INDEX(PO_Data!$E$2:$E$26,MATCH(B8,PO_Data!$A$2:$A$26,0)),"") -> 360 | H8: =Invoice_Data!H8 -> 9000 | I8: =IF(E8="","",E8*G8) -> 9000 | J8: =IF(I8="","",ROUND(H8-I8,2)) -> 0 | K8: =IF(COUNTBLANK(Invoice_Data!A8:H8)>0,"Yes","No") -> No | L8: =IF(COUNTIFS(Invoice_Data!$A$2:$A$25,Invoice_Data!A8,Invoice_Data!$D$2:$D$25,Invoice_Data!D8,Invoice_Data!$H$2:$H$25,Invoice_Data!H8)>1,"Yes","No") -> No | M8: =IF(E8="","N/A",IF(D8<>E8,"Yes","No")) -> No | N8: =IF(G8="","N/A",IF(ROUND(F8-G8,2)<>0,"Yes","No")) -> No | O8: =IF(ROUND(H8-D8*F8,2)<>0,"Yes","No") -> No | P8: =IF(B8="","Missing PO",IF(E8="","PO Not Found",IF(OR(K8="Yes",L8="Yes",M8="Yes",N8="Yes",O8="Yes"),"Exception","Clean"))) -> Clean | Q8: =IF(P8="Clean","",IF(K8="Yes","Missing field; ","")&IF(L8="Yes","Duplicate; ","")&IF(M8="Yes","Qty mismatch; ","")&IF(N8="Yes","Price mismatch; ","")&IF(O8="Yes","Total error; ","")&IF(P8="PO Not Found","PO not in PO_Data; ","")) | R8: =IF(P8="Clean","N/A","Open") -> N/A
A9: =Invoice_Data!A9 -> INV-1008 | B9: =IF(Invoice_Data!D9="","",Invoice_Data!D9) -> PO-5008 | C9: =IF(Invoice_Data!C9="","",Invoice_Data!C9) -> Delhi Stationers | D9: =Invoice_Data!F9 -> 5 | E9: =IFERROR(INDEX(PO_Data!$D$2:$D$26,MATCH(B9,PO_Data!$A$2:$A$26,0)),"") -> 5 | F9: =Invoice_Data!G9 -> 1250 | G9: =IFERROR(INDEX(PO_Data!$E$2:$E$26,MATCH(B9,PO_Data!$A$2:$A$26,0)),"") -> 1250 | H9: =Invoice_Data!H9 -> 6250 | I9: =IF(E9="","",E9*G9) -> 6250 | J9: =IF(I9="","",ROUND(H9-I9,2)) -> 0 | K9: =IF(COUNTBLANK(Invoice_Data!A9:H9)>0,"Yes","No") -> No | L9: =IF(COUNTIFS(Invoice_Data!$A$2:$A$25,Invoice_Data!A9,Invoice_Data!$D$2:$D$25,Invoice_Data!D9,Invoice_Data!$H$2:$H$25,Invoice_Data!H9)>1,"Yes","No") -> No | M9: =IF(E9="","N/A",IF(D9<>E9,"Yes","No")) -> No | N9: =IF(G9="","N/A",IF(ROUND(F9-G9,2)<>0,"Yes","No")) -> No | O9: =IF(ROUND(H9-D9*F9,2)<>0,"Yes","No") -> No | P9: =IF(B9="","Missing PO",IF(E9="","PO Not Found",IF(OR(K9="Yes",L9="Yes",M9="Yes",N9="Yes",O9="Yes"),"Exception","Clean"))) -> Clean | Q9: =IF(P9="Clean","",IF(K9="Yes","Missing field; ","")&IF(L9="Yes","Duplicate; ","")&IF(M9="Yes","Qty mismatch; ","")&IF(N9="Yes","Price mismatch; ","")&IF(O9="Yes","Total error; ","")&IF(P9="PO Not Found","PO not in PO_Data; ","")) | R9: =IF(P9="Clean","N/A","Open") -> N/A
A10: =Invoice_Data!A10 -> INV-1009 | B10: =IF(Invoice_Data!D10="","",Invoice_Data!D10) -> PO-5009 | C10: =IF(Invoice_Data!C10="","",Invoice_Data!C10) -> Metro IT Solutions | D10: =Invoice_Data!F10 -> 12 | E10: =IFERROR(INDEX(PO_Data!$D$2:$D$26,MATCH(B10,PO_Data!$A$2:$A$26,0)),"") -> 12 | F10: =Invoice_Data!G10 -> 780 | G10: =IFERROR(INDEX(PO_Data!$E$2:$E$26,MATCH(B10,PO_Data!$A$2:$A$26,0)),"") -> 780 | H10: =Invoice_Data!H10 -> 9360 | I10: =IF(E10="","",E10*G10) -> 9360 | J10: =IF(I10="","",ROUND(H10-I10,2)) -> 0 | K10: =IF(COUNTBLANK(Invoice_Data!A10:H10)>0,"Yes","No") -> No | L10: =IF(COUNTIFS(Invoice_Data!$A$2:$A$25,Invoice_Data!A10,Invoice_Data!$D$2:$D$25,Invoice_Data!D10,Invoice_Data!$H$2:$H$25,Invoice_Data!H10)>1,"Yes","No") -> No | M10: =IF(E10="","N/A",IF(D10<>E10,"Yes","No")) -> No | N10: =IF(G10="","N/A",IF(ROUND(F10-G10,2)<>0,"Yes","No")) -> No | O10: =IF(ROUND(H10-D10*F10,2)<>0,"Yes","No") -> No | P10: =IF(B10="","Missing PO",IF(E10="","PO Not Found",IF(OR(K10="Yes",L10="Yes",M10="Yes",N10="Yes",O10="Yes"),"Exception","Clean"))) -> Clean | Q10: =IF(P10="Clean","",IF(K10="Yes","Missing field; ","")&IF(L10="Yes","Duplicate; ","")&IF(M10="Yes","Qty mismatch; ","")&IF(N10="Yes","Price mismatch; ","")&IF(O10="Yes","Total error; ","")&IF(P10="PO Not Found","PO not in PO_Data; ","")) | R10: =IF(P10="Clean","N/A","Open") -> N/A
A11: =Invoice_Data!A11 -> INV-1010 | B11: =IF(Invoice_Data!D11="","",Invoice_Data!D11) -> PO-5010 | C11: =IF(Invoice_Data!C11="","",Invoice_Data!C11) -> Apex Furnishings | D11: =Invoice_Data!F11 -> 25 | E11: =IFERROR(INDEX(PO_Data!$D$2:$D$26,MATCH(B11,PO_Data!$A$2:$A$26,0)),"") -> 25 | F11: =Invoice_Data!G11 -> 1150 | G11: =IFERROR(INDEX(PO_Data!$E$2:$E$26,MATCH(B11,PO_Data!$A$2:$A$26,0)),"") -> 1150 | H11: =Invoice_Data!H11 -> 28750 | I11: =IF(E11="","",E11*G11) -> 28750 | J11: =IF(I11="","",ROUND(H11-I11,2)) -> 0 | K11: =IF(COUNTBLANK(Invoice_Data!A11:H11)>0,"Yes","No") -> No | L11: =IF(COUNTIFS(Invoice_Data!$A$2:$A$25,Invoice_Data!A11,Invoice_Data!$D$2:$D$25,Invoice_Data!D11,Invoice_Data!$H$2:$H$25,Invoice_Data!H11)>1,"Yes","No") -> No | M11: =IF(E11="","N/A",IF(D11<>E11,"Yes","No")) -> No | N11: =IF(G11="","N/A",IF(ROUND(F11-G11,2)<>0,"Yes","No")) -> No | O11: =IF(ROUND(H11-D11*F11,2)<>0,"Yes","No") -> No | P11: =IF(B11="","Missing PO",IF(E11="","PO Not Found",IF(OR(K11="Yes",L11="Yes",M11="Yes",N11="Yes",O11="Yes"),"Exception","Clean"))) -> Clean | Q11: =IF(P11="Clean","",IF(K11="Yes","Missing field; ","")&IF(L11="Yes","Duplicate; ","")&IF(M11="Yes","Qty mismatch; ","")&IF(N11="Yes","Price mismatch; ","")&IF(O11="Yes","Total error; ","")&IF(P11="PO Not Found","PO not in PO_Data; ","")) | R11: =IF(P11="Clean","N/A","Open") -> N/A
A12: =Invoice_Data!A12 -> INV-1011 | B12: =IF(Invoice_Data!D12="","",Invoice_Data!D12) -> PO-5011 | C12: =IF(Invoice_Data!C12="","",Invoice_Data!C12) -> Sharma Office Supplies | D12: =Invoice_Data!F12 -> 5 | E12: =IFERROR(INDEX(PO_Data!$D$2:$D$26,MATCH(B12,PO_Data!$A$2:$A$26,0)),"") -> 5 | F12: =Invoice_Data!G12 -> 285 | G12: =IFERROR(INDEX(PO_Data!$E$2:$E$26,MATCH(B12,PO_Data!$A$2:$A$26,0)),"") -> 285 | H12: =Invoice_Data!H12 -> 1425 | I12: =IF(E12="","",E12*G12) -> 1425 | J12: =IF(I12="","",ROUND(H12-I12,2)) -> 0 | K12: =IF(COUNTBLANK(Invoice_Data!A12:H12)>0,"Yes","No") -> No | L12: =IF(COUNTIFS(Invoice_Data!$A$2:$A$25,Invoice_Data!A12,Invoice_Data!$D$2:$D$25,Invoice_Data!D12,Invoice_Data!$H$2:$H$25,Invoice_Data!H12)>1,"Yes","No") -> No | M12: =IF(E12="","N/A",IF(D12<>E12,"Yes","No")) -> No | N12: =IF(G12="","N/A",IF(ROUND(F12-G12,2)<>0,"Yes","No")) -> No | O12: =IF(ROUND(H12-D12*F12,2)<>0,"Yes","No") -> No | P12: =IF(B12="","Missing PO",IF(E12="","PO Not Found",IF(OR(K12="Yes",L12="Yes",M12="Yes",N12="Yes",O12="Yes"),"Exception","Clean"))) -> Clean | Q12: =IF(P12="Clean","",IF(K12="Yes","Missing field; ","")&IF(L12="Yes","Duplicate; ","")&IF(M12="Yes","Qty mismatch; ","")&IF(N12="Yes","Price mismatch; ","")&IF(O12="Yes","Total error; ","")&IF(P12="PO Not Found","PO not in PO_Data; ","")) | R12: =IF(P12="Clean","N/A","Open") -> N/A
A13: =Invoice_Data!A13 -> INV-1012 | B13: =IF(Invoice_Data!D13="","",Invoice_Data!D13) -> PO-5012 | C13: =IF(Invoice_Data!C13="","",Invoice_Data!C13) -> TechNova Traders | D13: =Invoice_Data!F13 -> 25 | E13: =IFERROR(INDEX(PO_Data!$D$2:$D$26,MATCH(B13,PO_Data!$A$2:$A$26,0)),"") -> 25 | F13: =Invoice_Data!G13 -> 3450 | G13: =IFERROR(INDEX(PO_Data!$E$2:$E$26,MATCH(B13,PO_Data!$A$2:$A$26,0)),"") -> 3450 | H13: =Invoice_Data!H13 -> 86250 | I13: =IF(E13="","",E13*G13) -> 86250 | J13: =IF(I13="","",ROUND(H13-I13,2)) -> 0 | K13: =IF(COUNTBLANK(Invoice_Data!A13:H13)>0,"Yes","No") -> No | L13: =IF(COUNTIFS(Invoice_Data!$A$2:$A$25,Invoice_Data!A13,Invoice_Data!$D$2:$D$25,Invoice_Data!D13,Invoice_Data!$H$2:$H$25,Invoice_Data!H13)>1,"Yes","No") -> No | M13: =IF(E13="","N/A",IF(D13<>E13,"Yes","No")) -> No | N13: =IF(G13="","N/A",IF(ROUND(F13-G13,2)<>0,"Yes","No")) -> No | O13: =IF(ROUND(H13-D13*F13,2)<>0,"Yes","No") -> No | P13: =IF(B13="","Missing PO",IF(E13="","PO Not Found",IF(OR(K13="Yes",L13="Yes",M13="Yes",N13="Yes",O13="Yes"),"Exception","Clean"))) -> Clean | Q13: =IF(P13="Clean","",IF(K13="Yes","Missing field; ","")&IF(L13="Yes","Duplicate; ","")&IF(M13="Yes","Qty mismatch; ","")&IF(N13="Yes","Price mismatch; ","")&IF(O13="Yes","Total error; ","")&IF(P13="PO Not Found","PO not in PO_Data; ","")) | R13: =IF(P13="Clean","N/A","Open") -> N/A
... A25: =Invoice_Data!A25 -> INV-1024 | B25: =IF(Invoice_Data!D25="","",Invoice_Data!D25) -> PO-9999 | C25: =IF(Invoice_Data!C25="","",Invoice_Data!C25) -> TechNova Traders | D25: =Invoice_Data!F25 -> 20 | E25: =IFERROR(INDEX(PO_Data!$D$2:$D$26,MATCH(B25,PO_Data!$A$2:$A$26,0)),"") | F25: =Invoice_Data!G25 -> 3450 | G25: =IFERROR(INDEX(PO_Data!$E$2:$E$26,MATCH(B25,PO_Data!$A$2:$A$26,0)),"") | H25: =Invoice_Data!H25 -> 69000 | I25: =IF(E25="","",E25*G25) | J25: =IF(I25="","",ROUND(H25-I25,2)) | K25: =IF(COUNTBLANK(Invoice_Data!A25:H25)>0,"Yes","No") -> No | L25: =IF(COUNTIFS(Invoice_Data!$A$2:$A$25,Invoice_Data!A25,Invoice_Data!$D$2:$D$25,Invoice_Data!D25,Invoice_Data!$H$2:$H$25,Invoice_Data!H25)>1,"Yes","No") -> No | M25: =IF(E25="","N/A",IF(D25<>E25,"Yes","No")) -> N/A | N25: =IF(G25="","N/A",IF(ROUND(F25-G25,2)<>0,"Yes","No")) -> N/A | O25: =IF(ROUND(H25-D25*F25,2)<>0,"Yes","No") -> No | P25: =IF(B25="","Missing PO",IF(E25="","PO Not Found",IF(OR(K25="Yes",L25="Yes",M25="Yes",N25="Yes",O25="Yes"),"Exception","Clean"))) -> PO Not Found | Q25: =IF(P25="Clean","",IF(K25="Yes","Missing field; ","")&IF(L25="Yes","Duplicate; ","")&IF(M25="Yes","Qty mismatch; ","")&IF(N25="Yes","Price mismatch; ","")&IF(O25="Yes","Total error; ","")&IF(P25="PO Not Found","PO not in PO_Data; ","")) -> PO not in PO_Data; | R25: =IF(P25="Clean","N/A","Open") -> Open

Sheet Summary
A1: Verification Summary
A3: Total invoices checked | B3: =COUNTA(Verification!A2:A25) -> 24
A4: Clean invoices | B4: =COUNTIF(Verification!P2:P25,"Clean") -> 16
A5: Invoices with exceptions | B5: =B3-B4 -> 8
A6: Exception rate | B6: =IF(B3=0,0,B5/B3) -> 0.33333333
A8: Missing field | B8: =COUNTIF(Verification!K2:K25,"Yes") -> 2
A9: Duplicate invoices (rows) | B9: =COUNTIF(Verification!L2:L25,"Yes") -> 2
A10: Qty mismatch | B10: =COUNTIF(Verification!M2:M25,"Yes") -> 1
A11: Price mismatch | B11: =COUNTIF(Verification!N2:N25,"Yes") -> 1
A12: Total calculation error | B12: =COUNTIF(Verification!O2:O25,"Yes") -> 1
A13: PO not found / missing PO | B13: =COUNTIF(Verification!P2:P25,"PO Not Found")+COUNTIF(Verification!P2:P25,"Missing PO") -> 2
A15: Total billed (matched to a PO) | B15: =SUMIF(Verification!I2:I25,">=0",Verification!H2:H25) -> 827380
A16: Total expected per PO | B16: =SUM(Verification!I2:I25) -> 820930
A17: Overbilled amount | B17: =SUMIF(Verification!J2:J25,">0") -> 6450
A18: Underbilled amount | B18: =SUMIF(Verification!J2:J25,"<0") -> 0
A19: Net variance | B19: =B17+B18 -> 6450
A21: Open review items | B21: =COUNTIF(Verification!R2:R25,"Open") -> 8
A22: Resolved | B22: =COUNTIF(Verification!R2:R25,"Resolved") -> 0
